23,26,19,7,HS00mg
23,26,18,7,HS00mg
23,25,19,7,HS00mg
23,26,18,7,HS00mg
22,26,19,7,HS00mg
23,26,19,7,HS00mg
23,25,19,8,HS00mg
23,26,19,7,HS00mg
23,26,18,8,HS00mg
23,25,18,7,HS00mg
22,26,19,7,HS00mg
23,26,18,7,HS00mg
23,27,18,7,HS00mg
23,26,19,7,HS00mg
23,26,19,7,HS00mg
23,25,18,7,HS00mg
23,26,18,7,HS00mg
23,26,19,7,HS00mg
22,25,18,7,HS00mg
22,25,19,8,HS00mg
23,26,18,7,HS00mg
22,26,19,8,HS00mg
23,26,18,7,HS00mg
24,27,18,7,HS00mg
23,26,19,7,HS00mg
22,26,19,7,HS00mg
23,26,19,7,HS00mg
23,26,18,7,HS00mg
23,26,19,7,HS00mg
23,26,19,7,HS00mg
23,26,19,7,HS00mg
23,25,19,7,HS00mg
23,27,19,7,HS00mg
22,26,18,7,HS00mg
24,26,19,7,HS00mg
23,26,18,7,HS00mg
23,25,18,7,HS00mg
22,26,19,7,HS00mg
23,26,18,7,HS00mg
23,26,18,7,HS00mg
22,27,20,7,HS01mg
23,26,20,7,HS01mg
22,26,20,8,HS01mg
22,26,20,8,HS01mg
22,26,20,7,HS01mg
22,26,20,7,HS01mg
22,25,19,7,HS01mg
22,25,20,7,HS01mg
22,26,20,7,HS01mg
22,25,20,7,HS01mg
22,26,19,8,HS01mg
22,26,20,7,HS01mg
22,26,20,7,HS01mg
22,26,20,8,HS01mg
22,26,20,8,HS01mg
23,25,19,8,HS01mg
22,26,20,7,HS01mg
23,26,20,8,HS01mg
22,26,20,7,HS01mg
22,25,20,7,HS01mg
21,25,20,7,HS01mg
22,25,19,8,HS01mg
21,26,20,8,HS01mg
22,27,20,8,HS01mg
22,26,19,8,HS01mg
22,26,19,7,HS01mg
22,26,20,8,HS01mg
22,26,20,7,HS01mg
22,26,19,8,HS01mg
21,26,20,7,HS01mg
22,28,21,7,HS01mg
22,26,19,7,HS01mg
22,27,20,7,HS01mg
22,26,20,7,HS01mg
21,26,20,8,HS01mg
22,26,20,7,HS01mg
22,26,20,7,HS01mg
21,26,20,7,HS01mg
22,26,20,7,HS01mg
22,25,20,7,HS01mg
26,31,25,9,HS03mg
27,33,25,9,HS03mg
27,32,25,9,HS03mg
28,32,25,9,HS03mg
26,31,25,9,HS03mg
27,32,24,9,HS03mg
28,31,24,9,HS03mg
27,32,25,9,HS03mg
27,31,26,9,HS03mg
27,32,25,9,HS03mg
27,31,26,9,HS03mg
27,31,25,9,HS03mg
27,33,25,9,HS03mg
27,31,25,9,HS03mg
28,31,25,9,HS03mg
27,32,25,9,HS03mg
27,32,25,9,HS03mg
27,32,25,9,HS03mg
28,31,24,9,HS03mg
27,32,25,9,HS03mg
27,31,25,9,HS03mg
27,32,25,9,HS03mg
28,32,25,9,HS03mg
27,32,25,9,HS03mg
28,32,25,9,HS03mg
27,32,24,9,HS03mg
27,32,25,9,HS03mg
27,32,26,9,HS03mg
27,32,24,9,HS03mg
27,33,25,9,HS03mg
27,32,24,9,HS03mg
28,32,25,9,HS03mg
27,32,24,9,HS03mg
28,32,25,9,HS03mg
26,32,24,9,HS03mg
28,33,25,9,HS03mg
28,32,25,9,HS03mg
28,32,24,9,HS03mg
27,32,25,9,HS03mg
28,32,25,9,HS03mg
30,36,27,10,HS05mg
30,34,27,10,HS05mg
30,36,27,10,HS05mg
30,36,27,10,HS05mg
30,36,26,11,HS05mg
30,36,26,10,HS05mg
30,36,28,11,HS05mg
29,36,27,10,HS05mg
30,35,27,10,HS05mg
30,36,28,11,HS05mg
30,36,27,10,HS05mg
30,36,27,10,HS05mg
30,36,26,10,HS05mg
30,36,27,10,HS05mg
30,34,26,11,HS05mg
30,35,27,10,HS05mg
30,36,26,10,HS05mg
30,36,29,10,HS05mg
29,36,27,10,HS05mg
31,36,27,10,HS05mg
29,36,27,10,HS05mg
30,35,27,10,HS05mg
30,36,27,10,HS05mg
30,36,27,11,HS05mg
30,37,27,10,HS05mg
30,35,27,10,HS05mg
30,35,27,11,HS05mg
30,36,27,10,HS05mg
29,36,28,10,HS05mg
30,36,26,10,HS05mg
31,36,27,10,HS05mg
31,36,26,10,HS05mg
31,36,26,10,HS05mg
29,34,27,10,HS05mg
30,36,26,10,HS05mg
29,34,27,10,HS05mg
30,35,28,10,HS05mg
31,35,26,10,HS05mg
30,36,27,10,HS05mg
30,36,27,10,HS05mg
30,38,27,10,HS07mg
29,37,27,11,HS07mg
30,38,28,10,HS07mg
29,36,27,10,HS07mg
28,39,28,10,HS07mg
30,38,28,10,HS07mg
30,39,27,10,HS07mg
29,38,28,10,HS07mg
31,38,28,11,HS07mg
30,38,28,10,HS07mg
30,36,27,11,HS07mg
30,38,28,10,HS07mg
30,37,26,10,HS07mg
28,38,28,10,HS07mg
30,36,28,10,HS07mg
29,36,26,10,HS07mg
30,38,28,10,HS07mg
28,36,27,10,HS07mg
29,38,27,11,HS07mg
29,38,28,11,HS07mg
30,36,26,10,HS07mg
29,37,27,11,HS07mg
30,38,27,11,HS07mg
29,39,26,10,HS07mg
29,37,27,10,HS07mg
31,38,26,10,HS07mg
29,37,27,10,HS07mg
29,36,28,10,HS07mg
29,37,27,10,HS07mg
30,37,27,10,HS07mg
28,37,26,10,HS07mg
29,38,27,11,HS07mg
28,38,26,11,HS07mg
29,38,28,10,HS07mg
29,37,26,10,HS07mg
28,38,27,11,HS07mg
29,36,27,10,HS07mg
29,38,27,10,HS07mg
29,38,28,10,HS07mg
30,37,27,11,HS07mg
33,40,28,11,HS10mg
33,40,27,11,HS10mg
32,41,28,11,HS10mg
33,40,28,11,HS10mg
32,40,28,11,HS10mg
33,39,28,11,HS10mg
33,40,28,11,HS10mg
33,41,28,11,HS10mg
33,40,27,11,HS10mg
33,41,28,12,HS10mg
33,39,28,11,HS10mg
33,41,29,11,HS10mg
33,40,28,11,HS10mg
32,42,28,11,HS10mg
33,41,28,11,HS10mg
34,39,28,11,HS10mg
33,40,28,11,HS10mg
35,40,28,11,HS10mg
33,40,28,11,HS10mg
33,40,28,11,HS10mg
33,40,28,11,HS10mg
33,40,28,11,HS10mg
33,41,28,11,HS10mg
33,41,28,11,HS10mg
32,40,27,11,HS10mg
33,40,29,11,HS10mg
33,40,28,12,HS10mg
32,40,28,11,HS10mg
33,42,28,11,HS10mg
33,39,28,11,HS10mg
34,42,28,11,HS10mg
33,41,28,11,HS10mg
33,39,27,11,HS10mg
33,40,27,11,HS10mg
32,40,28,11,HS10mg
33,40,28,11,HS10mg
33,41,28,11,HS10mg
33,40,28,11,HS10mg
33,40,28,11,HS10mg
33,40,28,11,HS10mg
41,47,33,13,HS20mg
43,47,31,13,HS20mg
43,48,32,13,HS20mg
42,47,32,13,HS20mg
43,47,31,13,HS20mg
43,47,31,13,HS20mg
43,47,32,13,HS20mg
41,47,32,13,HS20mg
41,47,31,13,HS20mg
42,47,32,13,HS20mg
43,47,32,13,HS20mg
42,47,30,13,HS20mg
43,47,32,13,HS20mg
43,47,32,13,HS20mg
43,47,32,13,HS20mg
43,47,31,14,HS20mg
42,47,31,13,HS20mg
42,47,32,13,HS20mg
43,47,31,13,HS20mg
43,47,33,13,HS20mg
41,47,32,13,HS20mg
44,49,30,13,HS20mg
43,47,31,13,HS20mg
42,49,32,13,HS20mg
43,47,31,13,HS20mg
45,48,32,14,HS20mg
43,45,31,13,HS20mg
45,47,31,13,HS20mg
43,48,32,13,HS20mg
42,45,30,13,HS20mg
41,45,31,13,HS20mg
41,45,29,12,HS20mg
42,45,29,13,HS20mg
40,45,30,13,HS20mg
41,45,30,13,HS20mg
42,45,31,13,HS20mg
42,45,30,13,HS20mg
42,45,30,13,HS20mg
41,45,31,13,HS20mg
42,45,30,13,HS20mg
41,44,30,12,HS50mg
41,44,29,12,HS50mg
41,44,30,13,HS50mg
41,44,30,12,HS50mg
41,44,30,12,HS50mg
41,44,30,13,HS50mg
42,42,29,12,HS50mg
44,45,33,13,HS50mg
41,45,31,13,HS50mg
38,42,28,12,HS50mg
40,40,28,12,HS50mg
45,47,32,13,HS50mg
44,47,31,13,HS50mg
46,47,32,13,HS50mg
44,46,31,13,HS50mg
44,47,31,13,HS50mg
44,46,31,13,HS50mg
44,47,31,13,HS50mg
45,45,31,13,HS50mg
45,47,31,13,HS50mg
45,47,32,13,HS50mg
44,47,31,13,HS50mg
44,47,32,13,HS50mg
42,46,31,12,HS50mg
45,47,31,13,HS50mg
45,45,30,13,HS50mg
45,47,32,12,HS50mg
45,47,31,13,HS50mg
44,48,31,13,HS50mg
43,47,30,13,HS50mg
46,47,30,13,HS50mg
44,47,31,13,HS50mg
44,47,31,13,HS50mg
45,47,30,13,HS50mg
45,45,30,13,HS50mg
45,47,31,13,HS50mg
45,47,31,13,HS50mg
44,47,31,13,HS50mg
45,45,31,13,HS50mg
45,47,31,13,HS50mg